id,label,kind,kind_th,district,province,lng,lat,coverage,nearest_km,mean_nn_km,anisotropy,cluster
south-facilities:9001,รพ.สต./สถานีอนามัย Sampit,health,รพ.สต./สถานีอนามัย,เมืองสงขลา,สงขลา,100.5754,7.1351,14,1.3307,11.7423,0.5202,0
south-facilities:9001/2,โรงพยาบาล โรงพยาบาลจิตเวชสงขลาราชนครินทร์,hospital,โรงพยาบาล,เมืองสงขลา,สงขลา,100.6137,7.1784,11,0.37,10.9729,0.8309,0
south-facilities:9001/3,โรงพยาบาล โรงพยาบาลฐานทัพเรือสงขลา,hospital,โรงพยาบาล,เมืองสงขลา,สงขลา,100.6063,7.184,12,1.0352,8.4555,0.8593,0
south-facilities:9001/4,สถานีตำรวจ กน่วยกู้ชีพ เทศบาลเขารูปช้าง,police,สถานีตำรวจ,เมืองสงขลา,สงขลา,100.6143,7.1751,13,0.37,10.4226,0.8104,0
south-facilities:9001/5,หน่วยทหาร ฐานทัพเรือสงขลา,military,หน่วยทหาร,เมืองสงขลา,สงขลา,100.5821,7.2155,11,0.4265,10.2882,0.8395,0
south-facilities:9001/6,โรงพยาบาล โรงพยาบาลสงขลา,hospital,โรงพยาบาล,เมืองสงขลา,สงขลา,100.5649,7.141,16,1.3307,13.1128,0.5243,0
south-facilities:9001/7,หน่วยทหาร 5th Field Artilery Battalion,military,หน่วยทหาร,เมืองสงขลา,สงขลา,100.6228,7.143,11,3.6951,12.5379,0.563,0
south-facilities:9001/8,สถานีตำรวจ (ไม่ระบุชื่อ) เมืองสงขลา,police,สถานีตำรวจ,เมืองสงขลา,สงขลา,100.5951,7.2139,8,1.2184,5.6285,0.5753,0
south-facilities:9001/9,สถานีตำรวจ สถานีตํารวจภูธรเมืองสงขลา,police,สถานีตำรวจ,เมืองสงขลา,สงขลา,100.5842,7.2123,11,0.4265,9.77,0.9001,0
south-facilities:9002,โรงพยาบาล (ไม่ระบุชื่อ) สทิงพระ,hospital,โรงพยาบาล,สทิงพระ,สงขลา,100.4441,7.4561,2,22.2943,22.8536,,0
south-facilities:9003,ด่านตรวจ (ไม่ระบุชื่อ) จะนะ,checkpoint,ด่านตรวจ,จะนะ,สงขลา,100.683,6.9774,8,0.0203,12.2899,0.6218,0
south-facilities:9003/2,ด่านตรวจ (ไม่ระบุชื่อ) จะนะ,checkpoint,ด่านตรวจ,จะนะ,สงขลา,100.6828,6.9774,8,0.0203,12.2836,0.622,0
south-facilities:9003/3,สถานีตำรวจ (ไม่ระบุชื่อ) จะนะ,police,สถานีตำรวจ,จะนะ,สงขลา,100.6889,6.9581,6,2.2452,13.6556,0.5506,0
south-facilities:9003/4,โรงพยาบาล โรงพยาบาลจะนะ,hospital,โรงพยาบาล,จะนะ,สงขลา,100.7401,6.9152,4,7.3989,17.1721,0.3343,0
south-facilities:9004,โรงพยาบาล โรงพยาบาลสมเด็จพระบรมราชินีนาถ,hospital,โรงพยาบาล,นาทวี,สงขลา,100.6934,6.7295,1,21.2769,21.2769,,0
south-facilities:9005,โรงพยาบาล โรงพยาบาลเทพา,hospital,โรงพยาบาล,เทพา,สงขลา,100.9542,6.8044,5,0.0806,14.6368,0.5497,0
south-facilities:9005/2,โรงพยาบาล โรงพยาบาลเทพา,hospital,โรงพยาบาล,เทพา,สงขลา,100.955,6.8044,6,0.0806,15.5984,0.4916,0
south-facilities:9006,โรงพยาบาล โรงพยาบาลสะบ้าย้อย,hospital,โรงพยาบาล,สะบ้าย้อย,สงขลา,100.9484,6.6241,5,0.0463,18.004,0.5048,0
south-facilities:9006/2,โรงพยาบาล โรงพยาบาลสะบ้าย้อย,hospital,โรงพยาบาล,สะบ้าย้อย,สงขลา,100.9487,6.6239,5,0.0463,17.987,0.5047,0
south-facilities:9007,โรงพยาบาล โรงพยาบาลระโนด,hospital,โรงพยาบาล,ระโนด,สงขลา,100.3366,7.7835,2,2.2146,10.1573,,0
south-facilities:9007/2,สถานีตำรวจ (ไม่ระบุชื่อ) ระโนด,police,สถานีตำรวจ,ระโนด,สงขลา,100.3179,7.7762,2,2.2146,9.7653,,0
south-facilities:9008,โรงพยาบาล โรงพยาบาลกระแสสินธุ์,hospital,โรงพยาบาล,กระแสสินธุ์,สงขลา,100.3289,7.6209,2,17.316,19.8052,,0
south-facilities:9009,สถานีตำรวจ (ไม่ระบุชื่อ) รัตภูมิ,police,สถานีตำรวจ,รัตภูมิ,สงขลา,100.2349,7.1853,4,0.003,10.0986,0.7972,0
south-facilities:9009/2,โรงพยาบาล โรงพยาบาลรัตภูมิ,hospital,โรงพยาบาล,รัตภูมิ,สงขลา,100.2531,7.1325,6,0.0483,11.9135,0.5711,0
south-facilities:9009/3,สถานีตำรวจ (ไม่ระบุชื่อ) รัตภูมิ,police,สถานีตำรวจ,รัตภูมิ,สงขลา,100.2349,7.1852,4,0.003,10.1,0.7971,0
south-facilities:9009/4,โรงพยาบาล โรงพยาบาลรัตภูมิ,hospital,โรงพยาบาล,รัตภูมิ,สงขลา,100.2529,7.1321,6,0.0483,11.9186,0.57,0
south-facilities:9010,สถานีตำรวจ (ไม่ระบุชื่อ) สะเดา,police,สถานีตำรวจ,สะเดา,สงขลา,100.4192,6.5199,3,1.102,10.2716,0.6539,0
south-facilities:9010/2,สถานีตำรวจ ด่านตรวจ,police,สถานีตำรวจ,สะเดา,สงขลา,100.4178,6.5297,4,0.9376,7.4114,0.8873,0
south-facilities:9010/3,สถานีตำรวจ (ไม่ระบุชื่อ) สะเดา,police,สถานีตำรวจ,สะเดา,สงขลา,100.416,6.5379,3,0.6563,5.5666,1.2119,0
south-facilities:9010/4,สถานีตำรวจ (ไม่ระบุชื่อ) สะเดา,police,สถานีตำรวจ,สะเดา,สงขลา,100.4535,6.7869,9,4.4187,15.6245,0.3294,0
south-facilities:9010/5,โรงพยาบาล โรงพยาบาลปาดังเบซาร์,hospital,โรงพยาบาล,สะเดา,สงขลา,100.3417,6.652,6,2.1059,15.2007,0.5376,0
south-facilities:9010/6,โรงพยาบาล โรงพยาบาลพัชรเวช,hospital,โรงพยาบาล,สะเดา,สงขลา,100.4188,6.6342,6,0.5229,6.7345,0.9515,0
south-facilities:9010/7,โรงพยาบาล โรงพยาบาลสะเดา,hospital,โรงพยาบาล,สะเดา,สงขลา,100.4071,6.6358,10,0.1418,8.2208,0.8512,0
south-facilities:9010/8,สถานีตำรวจ (ไม่ระบุชื่อ) สะเดา,police,สถานีตำรวจ,สะเดา,สงขลา,100.4163,6.5438,5,0.6563,7.4283,0.7279,0
south-facilities:9010/9,สถานีตำรวจ กองร้อยตำรวจตระเวนชายแดนที่ 437,police,สถานีตำรวจ,สะเดา,สงขลา,100.4208,6.6385,7,0.2897,5.5676,1.0963,0
south-facilities:9010/10,สถานีตำรวจ (ไม่ระบุชื่อ) สะเดา,police,สถานีตำรวจ,สะเดา,สงขลา,100.4227,6.6368,10,0.0631,5.0148,1.1819,1
south-facilities:9010/11,โรงพยาบาล โรงพยาบาลสะเดา,hospital,โรงพยาบาล,สะเดา,สงขลา,100.4069,6.637,9,0.1418,7.9738,0.9147,0
south-facilities:9010/12,สถานีตำรวจ (ไม่ระบุชื่อ) สะเดา,police,สถานีตำรวจ,สะเดา,สงขลา,100.3283,6.6655,7,0.3332,11.6336,0.6829,0
south-facilities:9010/13,สถานีตำรวจ ด่านตรวจคนเข้าเมืองปาดังเบซาร์,police,สถานีตำรวจ,สะเดา,สงขลา,100.3257,6.6669,7,0.3332,11.8185,0.668,0
south-facilities:9010/14,สถานีตำรวจ (ไม่ระบุชื่อ) สะเดา,police,สถานีตำรวจ,สะเดา,สงขลา,100.4233,6.6369,9,0.0107,5.4303,1.1383,0
south-facilities:9010/15,สถานีตำรวจ (ไม่ระบุชื่อ) สะเดา,police,สถานีตำรวจ,สะเดา,สงขลา,100.4233,6.637,10,0.0095,5.064,1.1777,0
south-facilities:9010/16,สถานีตำรวจ (ไม่ระบุชื่อ) สะเดา,police,สถานีตำรวจ,สะเดา,สงขลา,100.4233,6.6371,10,0.0095,5.0622,1.1778,0
south-facilities:9011,รพ.สต./สถานีอนามัย โพลีคลินิคเพชระหาดใหญ่,health,รพ.สต./สถานีอนามัย,หาดใหญ่,สงขลา,100.4744,7.0157,20,0.6224,6.5453,1.0641,1
south-facilities:9011/2,สถานีตำรวจ (ไม่ระบุชื่อ) หาดใหญ่,police,สถานีตำรวจ,หาดใหญ่,สงขลา,100.4648,7.0063,22,0.0215,5.1256,1.1114,1
south-facilities:9011/3,สถานีดับเพลิง (ไม่ระบุชื่อ) หาดใหญ่,fire,สถานีดับเพลิง,หาดใหญ่,สงขลา,100.5002,7.0103,17,0.4951,10.0913,0.7488,1
south-facilities:9011/4,รพ.สต./สถานีอนามัย The V-Sage clinic Hatyai เดอะวีสาจคลินิกหาดใหญ่,health,รพ.สต./สถานีอนามัย,หาดใหญ่,สงขลา,100.4914,7.0048,18,0.4038,7.8486,0.9068,1
south-facilities:9011/5,โรงพยาบาล สกรีนเมดคลินิก สาขาบ้านพรุ,hospital,โรงพยาบาล,หาดใหญ่,สงขลา,100.4721,6.9462,16,3.76,11.1189,0.5555,0
south-facilities:9011/6,จุดบรรเทาทุกข์ (ไม่ระบุชื่อ) หาดใหญ่,aid,จุดบรรเทาทุกข์,หาดใหญ่,สงขลา,100.363,6.9961,11,6.1386,12.1966,0.376,0
south-facilities:9011/7,หน่วยทหาร ค่ายเสนาณรงค์,military,หน่วยทหาร,หาดใหญ่,สงขลา,100.5009,7.0254,17,0.6156,9.2147,0.8176,1
south-facilities:9011/8,โรงพยาบาล โรงพยาบาลหาดใหญ่,hospital,โรงพยาบาล,หาดใหญ่,สงขลา,100.4675,7.0167,20,0.1571,6.7632,1.0254,1
south-facilities:9011/9,โรงพยาบาล โรงพยาบาลค่ายเสนาณรงค์,hospital,โรงพยาบาล,หาดใหญ่,สงขลา,100.4992,7.0202,18,0.6156,8.2974,0.889,1
south-facilities:9011/10,สถานีดับเพลิง (ไม่ระบุชื่อ) หาดใหญ่,fire,สถานีดับเพลิง,หาดใหญ่,สงขลา,100.4796,7.0133,21,0.6339,7.1171,1.1624,1
south-facilities:9011/11,สถานีตำรวจ (ไม่ระบุชื่อ) หาดใหญ่,police,สถานีตำรวจ,หาดใหญ่,สงขลา,100.4492,6.9993,17,0.5524,7.0194,0.9192,1
south-facilities:9011/12,ด่านตรวจ (ไม่ระบุชื่อ) หาดใหญ่,checkpoint,ด่านตรวจ,หาดใหญ่,สงขลา,100.4662,6.9795,17,1.5436,5.9656,0.8256,1
south-facilities:9011/13,สถานีตำรวจ Checkpoint,police,สถานีตำรวจ,หาดใหญ่,สงขลา,100.4439,6.9987,15,0.5937,7.4783,0.8976,1
south-facilities:9011/14,สถานีดับเพลิง สถานีดับเพลิง ศรีภูวนารถ,fire,สถานีดับเพลิง,หาดใหญ่,สงขลา,100.4723,6.9978,19,0.0097,5.5665,1.1088,1
south-facilities:9011/15,รพ.สต./สถานีอนามัย สมาคมวางแผนครอบครัวแห่งประเทศไทย สวท,health,รพ.สต./สถานีอนามัย,หาดใหญ่,สงขลา,100.4642,7.0016,21,0.1869,4.1159,1.2588,1
south-facilities:9011/16,รพ.สต./สถานีอนามัย ศูนย์บริการสาธารณสุขโรงเรียนเทศบาล 2,health,รพ.สต./สถานีอนามัย,หาดใหญ่,สงขลา,100.4596,7.0016,19,0.3321,4.1369,1.2322,1
south-facilities:9011/17,รพ.สต./สถานีอนามัย ศูนย์สุขภาพชุมชนวัดท่าเคียน,health,รพ.สต./สถานีอนามัย,หาดใหญ่,สงขลา,100.4567,6.9973,18,0.3683,5.8847,0.9613,1
south-facilities:9011/18,รพ.สต./สถานีอนามัย ศูนย์สาธารณสุขมูลฐานชุมชนชุมชนไทยโฮเต็ล,health,รพ.สต./สถานีอนามัย,หาดใหญ่,สงขลา,100.4631,6.997,18,0.4636,5.4419,1.2977,1
south-facilities:9011/19,รพ.สต./สถานีอนามัย ศูนย์บริการสาธารณสุขตลาดพ่อพรหม,health,รพ.สต./สถานีอนามัย,หาดใหญ่,สงขลา,100.4542,6.9995,17,0.3683,5.8343,1.2018,1
south-facilities:9011/20,สถานีตำรวจ POLICE,police,สถานีตำรวจ,หาดใหญ่,สงขลา,100.4646,7.0062,22,0.0215,5.3723,1.0947,1
south-facilities:9011/21,รพ.สต./สถานีอนามัย สมาคมวางแผนครอบครัว สวท,health,รพ.สต./สถานีอนามัย,หาดใหญ่,สงขลา,100.4626,7.0011,19,0.1869,5.2201,1.2064,1
south-facilities:9011/22,รพ.สต./สถานีอนามัย ชัชปวิตร,health,รพ.สต./สถานีอนามัย,หาดใหญ่,สงขลา,100.4707,7.0012,23,0.2527,4.7583,1.2087,1
south-facilities:9011/23,สถานีดับเพลิง Fire Station,fire,สถานีดับเพลิง,หาดใหญ่,สงขลา,100.4723,6.9978,20,0.0097,5.0396,1.1869,1
south-facilities:9011/24,สถานีตำรวจ Police station bike rest spot,police,สถานีตำรวจ,หาดใหญ่,สงขลา,100.461,6.826,11,4.4187,15.0253,0.3818,0
south-facilities:9011/25,โรงพยาบาล โรงพยาบาลทันตกรรม,hospital,โรงพยาบาล,หาดใหญ่,สงขลา,100.4964,7.008,18,0.248,7.5308,0.9131,1
south-facilities:9011/26,โรงพยาบาล โรงพยาบาลศิครินทร์หาดใหญ่,hospital,โรงพยาบาล,หาดใหญ่,สงขลา,100.4697,7.0224,20,0.6268,8.8173,0.9952,1
south-facilities:9011/27,สถานีตำรวจ (ไม่ระบุชื่อ) หาดใหญ่,police,สถานีตำรวจ,หาดใหญ่,สงขลา,100.3079,7.0036,11,6.1386,15.5398,0.2449,0
south-facilities:9011/28,โรงพยาบาล โรงพยาบาลราษฎร์ยินดี,hospital,โรงพยาบาล,หาดใหญ่,สงขลา,100.4804,7.0007,17,0.9498,4.6708,1.0358,1
south-facilities:9011/29,สถานีตำรวจ (ไม่ระบุชื่อ) หาดใหญ่,police,สถานีตำรวจ,หาดใหญ่,สงขลา,100.4717,6.9992,22,0.1659,4.3468,1.3017,1
south-facilities:9011/30,โรงพยาบาล โรงพยาบาลหาดใหญ่,hospital,โรงพยาบาล,หาดใหญ่,สงขลา,100.4689,7.0168,20,0.1571,5.8214,1.1858,1
south-facilities:9011/31,รพ.สต./สถานีอนามัย (ไม่ระบุชื่อ) หาดใหญ่,health,รพ.สต./สถานีอนามัย,หาดใหญ่,สงขลา,100.4524,6.982,14,1.5436,5.744,0.8726,1
south-facilities:9011/32,โรงพยาบาล โรงพยาบาลสงขลานครินทร์,hospital,โรงพยาบาล,หาดใหญ่,สงขลา,100.4945,7.0067,16,0.248,6.5418,1.0355,1
south-facilities:9011/33,โรงพยาบาล โรงพยาบาลกรุงเทพ-หาดใหญ่,hospital,โรงพยาบาล,หาดใหญ่,สงขลา,100.4864,7.0161,21,0.8036,7.7314,1.0755,1
south-facilities:9012,โรงพยาบาล โรงพยาบาลนาหม่อม,hospital,โรงพยาบาล,นาหม่อม,สงขลา,100.5857,6.9845,13,4.8558,14.6391,0.3469,0
south-facilities:9012/2,สถานีตำรวจ (ไม่ระบุชื่อ) นาหม่อม,police,สถานีตำรวจ,นาหม่อม,สงขลา,100.5517,6.9567,15,4.8558,13.9428,0.3964,0
south-facilities:9013,โรงพยาบาล โรงพยาบาลควนเนียง,hospital,โรงพยาบาล,ควนเนียง,สงขลา,100.3468,7.1953,10,12.3908,19.6693,0.2417,0
south-facilities:9014,โรงพยาบาล โรงพยาบาลบางกล่ำ,hospital,โรงพยาบาล,บางกล่ำ,สงขลา,100.4093,7.0931,17,0.004,14.4066,0.4606,0
south-facilities:9014/2,โรงพยาบาล (ไม่ระบุชื่อ) บางกล่ำ,hospital,โรงพยาบาล,บางกล่ำ,สงขลา,100.4093,7.0931,16,0.004,15.3025,0.3761,0
south-facilities:9014/3,โรงพยาบาล โรงพยาบาลบางกล่ำ,hospital,โรงพยาบาล,บางกล่ำ,สงขลา,100.4096,7.0936,17,0.0665,15.7307,0.3694,0
south-facilities:9015,รพ.สต./สถานีอนามัย (ไม่ระบุชื่อ) สิงหนคร,health,รพ.สต./สถานีอนามัย,สิงหนคร,สงขลา,100.5233,7.2607,8,3.0223,14.1248,0.4951,0
south-facilities:9015/2,รพ.สต./สถานีอนามัย (ไม่ระบุชื่อ) สิงหนคร,health,รพ.สต./สถานีอนามัย,สิงหนคร,สงขลา,100.5643,7.1952,13,2.8993,10.7501,0.6929,0
south-facilities:9015/3,โรงพยาบาล โรงพยาบาลสิงหนคร,hospital,โรงพยาบาล,สิงหนคร,สงขลา,100.5297,7.2343,9,0.0304,11.1949,0.7129,0
south-facilities:9015/4,โรงพยาบาล โรงพยาบาลสิงหนคร,hospital,โรงพยาบาล,สิงหนคร,สงขลา,100.5296,7.234,9,0.0304,11.1852,0.7123,0
south-facilities:9016,โรงพยาบาล โรงพยาบาลคลองหอยโข่ง,hospital,โรงพยาบาล,คลองหอยโข่ง,สงขลา,100.3966,6.9054,11,2.2781,10.0326,0.4911,0
south-facilities:9016/2,หน่วยทหาร กองบิน 56,military,หน่วยทหาร,คลองหอยโข่ง,สงขลา,100.3952,6.9259,12,1.6358,10.8383,0.5517,0
south-facilities:9016/3,โรงพยาบาล โรงพยาบาลกองบิน 56,hospital,โรงพยาบาล,คลองหอยโข่ง,สงขลา,100.4096,6.9293,12,1.6358,9.7537,0.5537,0
south-facilities:9016/4,หน่วยทหาร ค่ายรัตนพล,military,หน่วยทหาร,คลองหอยโข่ง,สงขลา,100.3791,6.8674,10,1.317,12.4549,0.5345,0
south-facilities:9016/5,หน่วยทหาร กองทัพน้อยที่ 4,military,หน่วยทหาร,คลองหอยโข่ง,สงขลา,100.3853,6.8775,12,1.317,12.6512,0.519,0
south-facilities:9401,โรงพยาบาล โรงพยาบาลปัตตานี,hospital,โรงพยาบาล,เมืองปัตตานี,ปัตตานี,101.2495,6.8695,16,0.0523,11.3205,0.7128,0
south-facilities:9401/2,สถานีตำรวจ จุดตรวจทหาร,police,สถานีตำรวจ,เมืองปัตตานี,ปัตตานี,101.2637,6.8458,18,1.3815,11.6809,0.5755,0
south-facilities:9401/3,สถานีตำรวจ จุดตรวจทหาร,police,สถานีตำรวจ,เมืองปัตตานี,ปัตตานี,101.253,6.8521,17,1.3815,10.0838,0.6299,0
south-facilities:9401/4,รพ.สต./สถานีอนามัย Sirirot Hospital,health,รพ.สต./สถานีอนามัย,เมืองปัตตานี,ปัตตานี,101.2232,6.8567,14,0.9657,10.7439,0.5792,1
south-facilities:9401/5,โรงพยาบาล (ไม่ระบุชื่อ) เมืองปัตตานี,hospital,โรงพยาบาล,เมืองปัตตานี,ปัตตานี,101.2491,6.8698,15,0.0523,10.4267,0.7199,0
south-facilities:9401/6,สถานีตำรวจ ตำรวจภูธรจังหวัดปัตตานี,police,สถานีตำรวจ,เมืองปัตตานี,ปัตตานี,101.2606,6.8917,14,1.0859,10.2325,0.7232,0
south-facilities:9401/7,สถานีตำรวจ (ไม่ระบุชื่อ) เมืองปัตตานี,police,สถานีตำรวจ,เมืองปัตตานี,ปัตตานี,101.251,6.8951,12,0.0998,8.1021,0.9024,0
south-facilities:9401/8,หน่วยทหาร สถานีวิทยุกระจายเสียงแห่งประเทศไทยจังหวัดปัตตานี,military,หน่วยทหาร,เมืองปัตตานี,ปัตตานี,101.2509,6.8929,12,0.1505,7.7815,0.8867,0
south-facilities:9401/9,สถานีตำรวจ (ไม่ระบุชื่อ) เมืองปัตตานี,police,สถานีตำรวจ,เมืองปัตตานี,ปัตตานี,101.2487,6.8966,12,0.3007,7.7246,0.9133,0
south-facilities:9401/10,โรงพยาบาล โรงพยาบาลธัญญารักษ์ปัตตานี,hospital,โรงพยาบาล,เมืองปัตตานี,ปัตตานี,101.2508,6.8943,12,0.0998,7.637,0.9327,0
south-facilities:9402,โรงพยาบาล โรงพยาบาลโคกโพธิ์,hospital,โรงพยาบาล,โคกโพธิ์,ปัตตานี,101.118,6.7353,11,6.1449,15.0127,0.3935,0
south-facilities:9403,ด่านตรวจ (ไม่ระบุชื่อ) หนองจิก,checkpoint,ด่านตรวจ,หนองจิก,ปัตตานี,101.2148,6.8541,16,0.0082,10.0566,0.6315,1
south-facilities:9403/2,ด่านตรวจ (ไม่ระบุชื่อ) หนองจิก,checkpoint,ด่านตรวจ,หนองจิก,ปัตตานี,101.2149,6.8541,16,0.0082,10.0579,0.6318,1
south-facilities:9403/3,ด่านตรวจ (ไม่ระบุชื่อ) หนองจิก,checkpoint,ด่านตรวจ,หนองจิก,ปัตตานี,101.0591,6.8228,6,0.0259,11.4139,0.5731,0
south-facilities:9403/4,ด่านตรวจ (ไม่ระบุชื่อ) หนองจิก,checkpoint,ด่านตรวจ,หนองจิก,ปัตตานี,101.0592,6.823,6,0.0259,11.4151,0.5727,0
south-facilities:9403/5,โรงพยาบาล โรงพยาบาลค่ายอิงคยุทธบริหาร,hospital,โรงพยาบาล,หนองจิก,ปัตตานี,101.146,6.7898,15,0.5661,10.5701,0.6154,0
south-facilities:9403/6,หน่วยทหาร มณฑลทหารบกที่ 46 - ค่ายอิงคยุทธบริหาร,military,หน่วยทหาร,หนองจิก,ปัตตานี,101.1411,6.7883,13,0.5661,11.3122,0.617,0
south-facilities:9403/7,หน่วยทหาร ค่ายสมเด็จพระศรีสุริโยทัย,military,หน่วยทหาร,หนองจิก,ปัตตานี,101.1488,6.7813,15,0.9924,11.5617,0.6629,0
south-facilities:9403/8,หน่วยทหาร กรมทหารราบที่ 153,military,หน่วยทหาร,หนองจิก,ปัตตานี,101.1694,6.777,16,1.1509,11.0635,0.5881,0
south-facilities:9403/9,หน่วยทหาร สระน้ำป้องเพชร ขกท.พล.15,military,หน่วยทหาร,หนองจิก,ปัตตานี,101.1667,6.767,17,1.1509,12.8119,0.5219,0
south-facilities:9403/10,โรงพยาบาล โรงพยาบาลหนองจิก,hospital,โรงพยาบาล,หนองจิก,ปัตตานี,101.1737,6.8379,13,4.8892,12.1055,0.4505,0
south-facilities:9404,โรงพยาบาล โรงพยาบาลปะนาเระ,hospital,โรงพยาบาล,ปะนาเระ,ปัตตานี,101.4864,6.8401,11,7.5276,13.8156,0.3714,0
south-facilities:9405,ด่านตรวจ ด่านตรวจบ้านปาลัส 2,checkpoint,ด่านตรวจ,มายอ,ปัตตานี,101.4779,6.7583,12,0.9281,14.771,0.4833,0
south-facilities:9405/2,ด่านตรวจ ด่านตรวจบ้านปาลัส 1,checkpoint,ด่านตรวจ,มายอ,ปัตตานี,101.4843,6.7529,13,0.9281,14.6956,0.4986,0
south-facilities:9405/3,โรงพยาบาล โรงพยาบาลมายอ,hospital,โรงพยาบาล,มายอ,ปัตตานี,101.4186,6.7204,22,0.0556,14.0257,0.3994,1
south-facilities:9405/4,โรงพยาบาล โรงพยาบาลมายอ,hospital,โรงพยาบาล,มายอ,ปัตตานี,101.4181,6.7203,22,0.0556,14.0171,0.3985,1
south-facilities:9406,รพ.สต./สถานีอนามัย โรงพยาบาลส่งเสริมสุขภาพตำบล ทุ่งยางแดง,health,รพ.สต./สถานีอนามัย,ทุ่งยางแดง,ปัตตานี,101.4285,6.618,20,8.9146,15.8146,0.199,0
south-facilities:9407,สถานีตำรวจ จุดตรวจทหารพราน,police,สถานีตำรวจ,สายบุรี,ปัตตานี,101.5042,6.7272,11,3.6011,13.4905,0.5094,0
south-facilities:9407/2,สถานีตำรวจ จุดตรวจตำรวจ,police,สถานีตำรวจ,สายบุรี,ปัตตานี,101.5451,6.6942,10,5.8198,14.9126,0.3948,0
south-facilities:9407/3,โรงพยาบาล โรงพยาบาลสมเด็จพระยุพราชสายบุรี,hospital,โรงพยาบาล,สายบุรี,ปัตตานี,101.6199,6.6956,9,8.254,16.976,0.3007,0
south-facilities:9408,โรงพยาบาล โรงพยาบาลไม้แก่น,hospital,โรงพยาบาล,ไม้แก่น,ปัตตานี,101.6652,6.6113,9,10.6194,17.7139,0.3188,0
south-facilities:9409,สถานีตำรวจ จุดตรวจตำรวจ,police,สถานีตำรวจ,ยะหริ่ง,ปัตตานี,101.3676,6.8616,13,0.9985,11.7097,0.5262,0
south-facilities:9409/2,สถานีตำรวจ จุดตรวจทหาร,police,สถานีตำรวจ,ยะหริ่ง,ปัตตานี,101.3228,6.8689,12,5.0134,10.8413,0.4318,0
south-facilities:9409/3,สถานีตำรวจ จุดตรวจทหาร,police,สถานีตำรวจ,ยะหริ่ง,ปัตตานี,101.3752,6.8566,12,0.2775,9.7574,0.6828,0
south-facilities:9409/4,สถานีตำรวจ จุดตรวจทหาร,police,สถานีตำรวจ,ยะหริ่ง,ปัตตานี,101.3834,6.8391,14,1.9628,11.2825,0.5123,0
south-facilities:9409/5,สถานีตำรวจ จุดตรวจทหาร,police,สถานีตำรวจ,ยะหริ่ง,ปัตตานี,101.4114,6.8171,11,3.9498,12.1716,0.4771,0
south-facilities:9409/6,สถานีตำรวจ จุดตรวจทหาร,police,สถานีตำรวจ,ยะหริ่ง,ปัตตานี,101.4522,6.7816,13,3.8372,15.0691,0.4235,0
south-facilities:9409/7,โรงพยาบาล โรงพยาบาลยะหริ่ง,hospital,โรงพยาบาล,ยะหริ่ง,ปัตตานี,101.3775,6.8557,12,0.2775,10.0058,0.6832,0
south-facilities:9410,ด่านตรวจ จุดตรวจทหาร,checkpoint,ด่านตรวจ,ยะรัง,ปัตตานี,101.2949,6.7901,20,4.2726,13.06,0.3896,0
south-facilities:9410/2,สถานีตำรวจ จุดตรวจทหารพราน,police,สถานีตำรวจ,ยะรัง,ปัตตานี,101.3004,6.594,15,4.1528,13.0473,0.5574,0
south-facilities:9410/3,สถานีตำรวจ จุดตรวจทหารพราน,police,สถานีตำรวจ,ยะรัง,ปัตตานี,101.3022,6.6313,18,4.1528,15.1392,0.4701,0
south-facilities:9410/4,สถานีตำรวจ จุดตรวจทหารพราน,police,สถานีตำรวจ,ยะรัง,ปัตตานี,101.2994,6.684,19,3.2004,15.6358,0.3735,0
south-facilities:9410/5,สถานีตำรวจ จุดตรวจทหารพราน,police,สถานีตำรวจ,ยะรัง,ปัตตานี,101.2876,6.7407,22,1.2952,14.4156,0.4235,0
south-facilities:9410/6,สถานีตำรวจ จุดตรวจทหารพราน,police,สถานีตำรวจ,ยะรัง,ปัตตานี,101.2912,6.7116,21,3.2004,14.6459,0.3933,0
south-facilities:9410/7,ด่านตรวจ (ไม่ระบุชื่อ) ยะรัง,checkpoint,ด่านตรวจ,ยะรัง,ปัตตานี,101.337,6.7459,23,4.9654,14.116,0.3931,1
south-facilities:9410/8,โรงพยาบาล โรงพยาบาลยะรัง,hospital,โรงพยาบาล,ยะรัง,ปัตตานี,101.2924,6.7517,23,0.0526,13.3632,0.512,1
south-facilities:9410/9,โรงพยาบาล โรงพยาบาลยะรัง,hospital,โรงพยาบาล,ยะรัง,ปัตตานี,101.292,6.7515,21,0.0526,13.369,0.5347,0
south-facilities:9411,โรงพยาบาล โรงพยาบาลกะพ้อ,hospital,โรงพยาบาล,กะพ้อ,ปัตตานี,101.5423,6.5713,17,12.2032,18.3046,0.2127,0
south-facilities:9412,โรงพยาบาล โรงพยาบาลแม่ลาน,hospital,โรงพยาบาล,แม่ลาน,ปัตตานี,101.2421,6.6587,18,6.9181,15.1356,0.3588,0
south-facilities:9501,สถานีตำรวจ สถานีตำรวจภูธรเมืองยะลา,police,สถานีตำรวจ,เมืองยะลา,ยะลา,101.2803,6.5425,15,0.5338,7.2363,1.008,0
south-facilities:9501/2,โรงพยาบาล โรงพยาบาลยะลา,hospital,โรงพยาบาล,เมืองยะลา,ยะลา,101.2768,6.5481,15,0.2109,7.7265,0.8967,0
south-facilities:9501/3,ด่านตรวจ (ไม่ระบุชื่อ) เมืองยะลา,checkpoint,ด่านตรวจ,เมืองยะลา,ยะลา,101.3181,6.5557,17,0.0136,9.529,0.7487,1
south-facilities:9501/4,ด่านตรวจ (ไม่ระบุชื่อ) เมืองยะลา,checkpoint,ด่านตรวจ,เมืองยะลา,ยะลา,101.2686,6.5526,13,0.0215,8.0054,0.9664,0
south-facilities:9501/5,ด่านตรวจ (ไม่ระบุชื่อ) เมืองยะลา,checkpoint,ด่านตรวจ,เมืองยะลา,ยะลา,101.2687,6.5528,15,0.0215,8.3005,0.8964,0
south-facilities:9501/6,โรงพยาบาล โรงพยาบาลสิโรรส,hospital,โรงพยาบาล,เมืองยะลา,ยะลา,101.2796,6.5516,18,0.4995,9.041,0.9011,1
south-facilities:9501/7,ด่านตรวจ (ไม่ระบุชื่อ) เมืองยะลา,checkpoint,ด่านตรวจ,เมืองยะลา,ยะลา,101.3181,6.5558,17,0.0136,10.482,0.7195,1
south-facilities:9501/8,สถานีตำรวจ กองกำกับการตำรวจตระเวนชายแดนที่44,police,สถานีตำรวจ,เมืองยะลา,ยะลา,101.322,6.5104,13,2.9909,11.9085,0.6003,0
south-facilities:9501/9,สถานีตำรวจ ศูนย์ฝึกอบรมตํารวจภูธรภาค 9,police,สถานีตำรวจ,เมืองยะลา,ยะลา,101.2815,6.5331,14,1.0525,9.1041,0.818,0
south-facilities:9501/10,โรงพยาบาล โรงพยาบาลยะลา,hospital,โรงพยาบาล,เมืองยะลา,ยะลา,101.2782,6.5468,16,0.2109,8.2038,0.9434,0
south-facilities:9501/11,สถานีตำรวจ กองร้อย ๕ กองกำกับการตำรวจตระเวนชายแดน ๙,police,สถานีตำรวจ,เมืองยะลา,ยะลา,101.2785,6.5214,10,1.3353,9.1076,0.7544,0
south-facilities:9501/12,สถานีดับเพลิง (ไม่ระบุชื่อ) เมืองยะลา,fire,สถานีดับเพลิง,เมืองยะลา,ยะลา,101.3097,6.5344,17,2.5353,10.8318,0.7172,0
south-facilities:9502,รพ.สต./สถานีอนามัย Traditional medicine,health,รพ.สต./สถานีอนามัย,เบตง,ยะลา,101.0714,5.773,3,1.1582,3.561,0.9498,0
south-facilities:9502/2,สถานีตำรวจ ร้อย ตชด.445,police,สถานีตำรวจ,เบตง,ยะลา,101.072,5.7834,4,1.1582,3.0872,0.951,0
south-facilities:9502/3,โรงพยาบาล โรงพยาบาลเบตง,hospital,โรงพยาบาล,เบตง,ยะลา,101.0821,5.7735,4,1.1803,3.188,0.7468,0
south-facilities:9502/4,สถานีดับเพลิง (ไม่ระบุชื่อ) เบตง,fire,สถานีดับเพลิง,เบตง,ยะลา,101.1458,5.7858,3,7.175,7.8911,0.0647,0
south-facilities:9502/5,สถานีตำรวจ (ไม่ระบุชื่อ) เบตง,police,สถานีตำรวจ,เบตง,ยะลา,101.0712,5.7965,3,1.4539,4.204,0.7071,0
south-facilities:9503,โรงพยาบาล โรงพยาบาลบันนังสตา,hospital,โรงพยาบาล,บันนังสตา,ยะลา,101.2578,6.2633,3,0.0381,9.0424,0.7041,0
south-facilities:9503/2,โรงพยาบาล โรงพยาบาลบันนังสตา,hospital,โรงพยาบาล,บันนังสตา,ยะลา,101.2575,6.2636,3,0.0381,9.0471,0.7041,0
south-facilities:9504,สถานีตำรวจ (ไม่ระบุชื่อ) ธารโต,police,สถานีตำรวจ,ธารโต,ยะลา,101.1803,6.1687,2,0.3027,6.9355,,0
south-facilities:9504/2,โรงพยาบาล โรงพยาบาลธารโต,hospital,โรงพยาบาล,ธารโต,ยะลา,101.1785,6.1708,2,0.3027,6.9118,,0
south-facilities:9505,โรงพยาบาล (ไม่ระบุชื่อ) ยะหา,hospital,โรงพยาบาล,ยะหา,ยะลา,101.1237,6.4902,6,13.1615,19.6631,0.2008,0
south-facilities:9506,ด่านตรวจ (ไม่ระบุชื่อ) รามัน,checkpoint,ด่านตรวจ,รามัน,ยะลา,101.4906,6.4743,15,0.0392,15.5091,0.4449,0
south-facilities:9506/2,ด่านตรวจ (ไม่ระบุชื่อ) รามัน,checkpoint,ด่านตรวจ,รามัน,ยะลา,101.3794,6.5544,19,6.7758,15.8079,0.3829,0
south-facilities:9506/3,สถานีตำรวจ สถานีภูธรจะว๊ะ,police,สถานีตำรวจ,รามัน,ยะลา,101.4903,6.4741,14,0.0392,14.8628,0.4504,0
south-facilities:9506/4,โรงพยาบาล โรงพยาบาลรามัน,hospital,โรงพยาบาล,รามัน,ยะลา,101.4179,6.4738,11,8.0025,13.5117,0.2759,0
south-facilities:9507,โรงพยาบาล โรงพยาบาลกาบัง,hospital,โรงพยาบาล,กาบัง,ยะลา,101.0212,6.4299,2,13.1615,18.0855,,0
south-facilities:9601,ด่านตรวจ (ไม่ระบุชื่อ) เมืองนราธิวาส,checkpoint,ด่านตรวจ,เมืองนราธิวาส,นราธิวาส,101.8343,6.4206,13,1.3491,9.2166,0.8106,0
south-facilities:9601/2,สถานีตำรวจ (ไม่ระบุชื่อ) เมืองนราธิวาส,police,สถานีตำรวจ,เมืองนราธิวาส,นราธิวาส,101.7411,6.5418,11,7.8515,15.4754,0.2936,0
south-facilities:9601/3,สถานีตำรวจ Khao Tan Yong police station,police,สถานีตำรวจ,เมืองนราธิวาส,นราธิวาส,101.8781,6.4125,8,4.929,14.0696,0.5199,0
south-facilities:9601/4,ด่านตรวจ (ไม่ระบุชื่อ) เมืองนราธิวาส,checkpoint,ด่านตรวจ,เมืองนราธิวาส,นราธิวาส,101.8226,6.4425,10,2.7557,7.0372,0.9319,0
south-facilities:9601/5,ด่านตรวจ (ไม่ระบุชื่อ) เมืองนราธิวาส,checkpoint,ด่านตรวจ,เมืองนราธิวาส,นราธิวาส,101.802,6.4101,13,0.0206,8.2593,0.8713,1
south-facilities:9601/6,ด่านตรวจ (ไม่ระบุชื่อ) เมืองนราธิวาส,checkpoint,ด่านตรวจ,เมืองนราธิวาส,นราธิวาส,101.8019,6.4102,15,0.0206,8.8534,0.8362,1
south-facilities:9601/7,ด่านตรวจ (ไม่ระบุชื่อ) เมืองนราธิวาส,checkpoint,ด่านตรวจ,เมืองนราธิวาส,นราธิวาส,101.7777,6.4813,11,3.1663,11.6013,0.4367,0
south-facilities:9601/8,ด่านตรวจ (ไม่ระบุชื่อ) เมืองนราธิวาส,checkpoint,ด่านตรวจ,เมืองนราธิวาส,นราธิวาส,101.8092,6.4195,13,1.31,8.5738,0.9046,0
south-facilities:9601/9,ด่านตรวจ (ไม่ระบุชื่อ) เมืองนราธิวาส,checkpoint,ด่านตรวจ,เมืองนราธิวาส,นราธิวาส,101.7982,6.4312,14,1.3012,10.2434,0.8408,0
south-facilities:9601/10,ด่านตรวจ (ไม่ระบุชื่อ) เมืองนราธิวาส,checkpoint,ด่านตรวจ,เมืองนราธิวาส,นราธิวาส,101.797,6.4429,14,1.3012,8.829,0.7839,0
south-facilities:9601/11,รพ.สต./สถานีอนามัย Narathiwat Hospital,health,รพ.สต./สถานีอนามัย,เมืองนราธิวาส,นราธิวาส,101.8238,6.4145,13,0.1397,8.525,0.9304,0
south-facilities:9601/12,สถานีตำรวจ (ไม่ระบุชื่อ) เมืองนราธิวาส,police,สถานีตำรวจ,เมืองนราธิวาส,นราธิวาส,101.8015,6.4098,14,0.0632,9.4399,0.786,1
south-facilities:9601/13,โรงพยาบาล (ไม่ระบุชื่อ) เมืองนราธิวาส,hospital,โรงพยาบาล,เมืองนราธิวาส,นราธิวาส,101.7882,6.4548,13,1.6432,8.1247,0.6312,0
south-facilities:9601/14,โรงพยาบาล (ไม่ระบุชื่อ) เมืองนราธิวาส,hospital,โรงพยาบาล,เมืองนราธิวาส,นราธิวาส,101.8225,6.4144,13,0.1397,8.9695,0.8859,0
south-facilities:9602,สถานีตำรวจ สถานีตำรสจภูธรตากใบ,police,สถานีตำรวจ,ตากใบ,นราธิวาส,102.0546,6.2593,3,0.1276,2.0494,0.9439,0
south-facilities:9602/2,โรงพยาบาล โรงพยาบาลตากใบ,hospital,โรงพยาบาล,ตากใบ,นราธิวาส,102.0466,6.2505,2,1.2692,3.1691,,0
south-facilities:9602/3,สถานีตำรวจ (ไม่ระบุชื่อ) ตากใบ,police,สถานีตำรวจ,ตากใบ,นราธิวาส,102.055,6.2582,3,0.1276,1.9973,0.9488,0
south-facilities:9602/4,สถานีตำรวจ สถานีตำรวจน้ำตากใบ,police,สถานีตำรวจ,ตากใบ,นราธิวาส,102.0901,6.2362,2,4.5949,4.8319,,0
south-facilities:9603,โรงพยาบาล โรงพยาบาลบาเจาะ,hospital,โรงพยาบาล,บาเจาะ,นราธิวาส,101.6598,6.5037,18,6.6633,16.247,0.2737,0
south-facilities:9604,โรงพยาบาล โรงพยาบาล​ยี่งอเฉลิม​พระเกียรติ​ 80 พรรษา,hospital,โรงพยาบาล,ยี่งอ,นราธิวาส,101.6924,6.3938,15,2.1364,13.2697,0.5138,0
south-facilities:9604/2,ด่านตรวจ (ไม่ระบุชื่อ) ยี่งอ,checkpoint,ด่านตรวจ,ยี่งอ,นราธิวาส,101.7112,6.4029,16,0.2321,12.2151,0.5567,0
south-facilities:9604/3,ด่านตรวจ (ไม่ระบุชื่อ) ยี่งอ,checkpoint,ด่านตรวจ,ยี่งอ,นราธิวาส,101.7481,6.4051,15,0.0468,10.7968,0.5785,1
south-facilities:9604/4,ด่านตรวจ (ไม่ระบุชื่อ) ยี่งอ,checkpoint,ด่านตรวจ,ยี่งอ,นราธิวาส,101.6604,6.4438,18,6.5911,13.5646,0.3098,0
south-facilities:9604/5,ด่านตรวจ (ไม่ระบุชื่อ) ยี่งอ,checkpoint,ด่านตรวจ,ยี่งอ,นราธิวาส,101.7477,6.405,15,0.0468,10.6714,0.5953,1
south-facilities:9604/6,สถานีตำรวจ สถานีตำรวจยี่งอ,police,สถานีตำรวจ,ยี่งอ,นราธิวาส,101.7092,6.4033,18,0.2321,12.9644,0.5271,1
south-facilities:9605,ด่านตรวจ (ไม่ระบุชื่อ) ระแงะ,checkpoint,ด่านตรวจ,ระแงะ,นราธิวาส,101.6326,6.3394,12,0.0525,13.5763,0.4842,0
south-facilities:9605/2,ด่านตรวจ (ไม่ระบุชื่อ) ระแงะ,checkpoint,ด่านตรวจ,ระแงะ,นราธิวาส,101.633,6.3392,12,0.0525,14.332,0.4961,0
south-facilities:9605/3,โรงพยาบาล โรงพยาบาลระแงะ,hospital,โรงพยาบาล,ระแงะ,นราธิวาส,101.7269,6.2974,10,11.3756,14.7665,0.2233,0
south-facilities:9606,ด่านตรวจ (ไม่ระบุชื่อ) รือเสาะ,checkpoint,ด่านตรวจ,รือเสาะ,นราธิวาส,101.5778,6.3557,13,4.432,13.5701,0.4162,0
south-facilities:9606/2,โรงพยาบาล โรงพยาบาลรือเสาะ,hospital,โรงพยาบาล,รือเสาะ,นราธิวาส,101.5093,6.3774,14,1.0497,13.2249,0.6188,0
south-facilities:9606/3,ด่านตรวจ (ไม่ระบุชื่อ) รือเสาะ,checkpoint,ด่านตรวจ,รือเสาะ,นราธิวาส,101.5131,6.386,13,1.0443,11.8255,0.7007,0
south-facilities:9606/4,ด่านตรวจ (ไม่ระบุชื่อ) รือเสาะ,checkpoint,ด่านตรวจ,รือเสาะ,นราธิวาส,101.5379,6.3605,11,3.6767,12.3363,0.6279,0
south-facilities:9606/5,ด่านตรวจ (ไม่ระบุชื่อ) รือเสาะ,checkpoint,ด่านตรวจ,รือเสาะ,นราธิวาส,101.5193,6.4025,13,0.8724,10.3016,0.7679,0
south-facilities:9606/6,ด่านตรวจ (ไม่ระบุชื่อ) รือเสาะ,checkpoint,ด่านตรวจ,รือเสาะ,นราธิวาส,101.5066,6.4247,14,0.9284,12.3225,0.5969,0
south-facilities:9606/7,โรงพยาบาล (ไม่ระบุชื่อ) รือเสาะ,hospital,โรงพยาบาล,รือเสาะ,นราธิวาส,101.5035,6.4325,13,0.9284,14.618,0.4818,0
south-facilities:9606/8,สถานีดับเพลิง สถานีดับเพลิงรือเสาะ,fire,สถานีดับเพลิง,รือเสาะ,นราธิวาส,101.5189,6.3946,15,0.1159,10.8219,0.7589,0
south-facilities:9606/9,สถานีตำรวจ สถานีตำรวจรือเสาะ,police,สถานีตำรวจ,รือเสาะ,นราธิวาส,101.5181,6.394,13,0.0481,7.8034,0.9076,0
south-facilities:9606/10,รพ.สต./สถานีอนามัย สำนักงานสาธารนสุขอำเภอรือเสาะ,health,รพ.สต./สถานีอนามัย,รือเสาะ,นราธิวาส,101.5177,6.3943,15,0.0481,9.6608,0.8419,0
south-facilities:9607,โรงพยาบาล โรงพยาบาลศรีสาคร,hospital,โรงพยาบาล,ศรีสาคร,นราธิวาส,101.499,6.2405,5,14.0282,16.0816,0.0962,0
south-facilities:9608,โรงพยาบาล โรงพยาบาลแว้ง,hospital,โรงพยาบาล,แว้ง,นราธิวาส,101.8872,5.9424,3,12.1406,13.3648,0.1157,0
south-facilities:9609,ด่านตรวจ (ไม่ระบุชื่อ) สุคิริน,checkpoint,ด่านตรวจ,สุคิริน,นราธิวาส,101.7711,5.9449,8,0.0198,9.9903,0.9827,0
south-facilities:9609/2,หน่วยกู้ภัย (ไม่ระบุชื่อ) สุคิริน,rescue,หน่วยกู้ภัย,สุคิริน,นราธิวาส,101.7775,5.9415,6,0.0933,9.2155,1.0098,0
south-facilities:9609/3,สถานีตำรวจ (ไม่ระบุชื่อ) สุคิริน,police,สถานีตำรวจ,สุคิริน,นราธิวาส,101.7752,5.9382,6,0.4416,10.0618,1.0046,0
south-facilities:9609/4,ด่านตรวจ (ไม่ระบุชื่อ) สุคิริน,checkpoint,ด่านตรวจ,สุคิริน,นราธิวาส,101.771,5.945,7,0.0198,11.3105,0.8673,0
south-facilities:9609/5,โรงพยาบาล โรงพยาบาลสุคิริน,hospital,โรงพยาบาล,สุคิริน,นราธิวาส,101.7772,5.9422,7,0.0933,11.1465,0.8818,0
south-facilities:9610,สถานีตำรวจ (ไม่ระบุชื่อ) สุไหงโก-ลก,police,สถานีตำรวจ,สุไหงโก-ลก,นราธิวาส,101.965,6.0254,5,0.4281,9.6134,0.868,0
south-facilities:9610/2,โรงพยาบาล โรงพยาบาล สุไหงโก-ลก,hospital,โรงพยาบาล,สุไหงโก-ลก,นราธิวาส,101.9715,6.0271,4,0.7405,9.2766,1.013,0
south-facilities:9610/3,สถานีตำรวจ Police Station,police,สถานีตำรวจ,สุไหงโก-ลก,นราธิวาส,101.9661,6.0218,5,0.4281,9.6456,0.8613,0
south-facilities:9611,โรงพยาบาล โรงพยาบาลสุไหงปาดี,hospital,โรงพยาบาล,สุไหงปาดี,นราธิวาส,101.8775,6.0819,5,11.5363,16.8421,0.1876,0
south-facilities:9612,โรงพยาบาล โรงพยาบาลจะแนะ,hospital,โรงพยาบาล,จะแนะ,นราธิวาส,101.6969,6.1308,5,16.0139,20.395,0.1383,0
south-facilities:9613,โรงพยาบาล โรงพยาบาลเจาะไอร้อง,hospital,โรงพยาบาล,เจาะไอร้อง,นราธิวาส,101.8088,6.2222,9,12.315,19.8764,0.1799,0
